TITLE, Month
A Walk in the Woods, January
Mount McKinley, January
Ebony Sunset, January
Winter Mist, January
Quiet Stream, February
Winter Moon, February
Autumn Mountains, February
Peaceful Valley, February
Seascape, March
Mountain Lake, March
Winter Glow, March
Snowfall, March
Final Reflections, March
Meadow Lake, August
Winter Sun, September
Ebony Sea, September
Shades of Gray, September
Autumn Splendor, September
Black River, October
Brown Mountain, October
Reflections, October
Black & White Seascape, October
Lazy River, November
Black Waterfall, November
Mountain Waterfall, November
Final Grace, November
Mountain Retreat, January
Blue Moon, January
Bubbling Stream, January
Winter Night, January
Distant Hills, February
Covered Bridge, February
Quiet Inlet, February
Night Light, February
The Old Mill, March
Campfire, March
Rustic Barn, March
Hidden Lake, March
Peaceful Waters, March
Purple Splendor, September
Tranquil Valley, September
Majestic Mountains, September
Winter Sawscape, September
Evening Seascape, October
Warm Summer Day, October
Cabin in the Woods, October
Wetlands, October
Cool Waters, October
Quiet Woods, November
Northwest Majesty, November
Autumn Days, November
Mountain Challenge, November
Mountain Waterfall, January
Twilight Meadow, January
Mountain Blossoms, January
Winter Stillness, January
Quiet Pond, January
Ocean Sunrise, February
Bubbling Brook, February
Arizona Splendor, February
Anatomy of a Wave, February
The Windmill, March
Autumn Glory, March
Indian Girl, March
Meadow Stream, March
Blue River, May
Nature's Edge, May
Morning Mist, May
Whispering Stream, May
Secluded Forest, May
Snow Trail, June
Arctic Beauty, June
Horizons West, June
High Chateau, June
Country Life, July
Western Expanse, July
Marshlands, July
Blaze of Color, July
Winter Cabin, October
Secluded Lake, October
Evergreen at Sunset, October
Mountain Cabin, October
Portrait of Sally, October
Misty Waterfall, November
Barn at Sunset, November
Mountain Splendor, November
Lake by Mountain, November
Mountain Glory, December
Grey Winter, December
Dock Scene, December
Dark Waterfall, December
Misty Rolling Hills, January
Lakeside Cabin, January
Warm Winter Day, January
Waterside Way, January
Hunter's Haven, January
Bubbling Mountain Brook, February
Winter Hideaway, February
Foot of the Mountain, February
Majestic Pine, February
Cactus at Sunset, March
Mountain Range, March
Lonely Retreat, March
Northern Lights, March
Winter Evergreens, April
Surf's Up, May
Red Sunset, May
Meadow Road, May
Winter Oval, May
Secluded Beach, June
Forest Hills, June
Little House by the Road, June
Mountain Pass, June
Country Charm, July
Nature's Paradise, July
Mountain by the Sea, July
Mountain Hideaway, July
Towering Peaks, September
Cabin at Sunset, September
Twin Falls, September
Secluded Bridge, September
Ocean Breeze, October
Autumn Woods, October
Winter Solitude, October
Golden Sunset, October
Mountain Oval, October
Ocean Sunset, November
Triple View, November
Winter Frost, November
Lakeside Cabin, November
Mountain Stream, December
Country Cabin, January
Daisy Delight, January
Hidden Stream, January
Towering Glacier, January
Oval Barn, February
Lakeside Path, February
Sunset Oval, February
Winter Barn, February
Sunset Over the Waves, March
Golden Glow, March
Roadside Barn, March
Happy Accident, March
Golden Knoll, April
Mountain Reflections, May
Secluded Mountain, May
Bright Autumn Trees, May
Black Seascape, May
Steep Mountains, June
Quiet Mountain River, June
Evening Waterfall, June
Tropical Seascape, June
Mountain at Sunset, July
Soft Mountain Glow, July
Mountain in an Oval, July
Winter Mountain, July
Rolling Hills, September
Frozen Solitude, September
Meadow Brook, September
Evening Sunset, September
Mountain View, September
Hidden Creek, October
Peaceful Haven, October
Mountain Exhibition, October
Emerald Waters, October
Mountain Summit, November
Cabin Hideaway, November
Oval Essence, November
Lost Lake, November
Distant Mountains, December
Meadow Brook Surprise, January
Mountain Moonlight Oval, January
Snowy Solitude, January
Mountain River, January
Graceful Mountains, February
Windy Waves, February
On a Clear Day, February
Riverside Escape Oval, February
Surprising Falls, March
Shadow Pond, March
Misty Forest, March
Natural Wonder, March
Splendor of Winter, April
Colors of Nature, May
Grandpa's Barn, May
Peaceful Reflections, May
Hidden Winter Moon Oval, May
Waves of Wonder, June
Cabin by the Pond, June
Fall Stream, June
Christmas Eve Snow, June
Forest Dawn Oval, June
Pathway to Autumn, July
Deep Forest Lake, July
Peaks of Majesty, July
Two Seasons, August
Nestled Cabin, August
Wintertime Discovery, August
Mountain Mirage, September
Double Oval Fantasy, September
Contemplative Lady, September
Deep Woods, September
High Tide, October
Barn in Snow Oval, October
That Time of Year, October
Waterfall Wonder, October
Mighty Mountain Lake, November
Wooded Stream Oval, November
Golden Mist Oval, January
Old Place Home, January
Soothing Vista, January
Stormy Seas, January
Country Time, February
A Mild Winter's Day, February
Spectacular Waterfall, February
View From the Park, February
Lake View, March
Old Country Mill, March
Morning Walk, March
Nature's Splendor, March
Mountain Beauty, March
Half Oval Vignette, July
Absolutely Autumn, July
Mountain Seclusion, July
Crimson Oval, July
Autumn Exhibition, August
Majestic Peaks, August
Golden Morning Mist, August
Winter Lace, August
Seascape Fantasy, August
Double Oval Stream, September
Enchanted Forest, September
Southwest Serenity, September
Rippling Waters, September
Snowfall Magic, January
Quiet Mountain Lake, January
Final Embers of Sunlight, January
Snowy Morn, January
Camper's Haven, January
Waterfall in the Woods, February
Covered Bridge Oval, February
Scenic Seclusion, February
Ebb Tide, February
After the Rain, March
Winter Elegance, March
Evening's Peace, March
Valley of Tranquility, March
Mystic Mountain, April
New Day's Dawn, April
Pastel Winter, April
Hazy Day, April
Divine Elegance, May
Cliffside, May
Autumn Fantasy, May
Old Oak Tree, May
Winter Paradise, May
Days Gone By, June
Change of Seasons, June
Hidden Delight, June
Double Take, June
Valley View, September
Tranquil Dawn, September
Royal Majesty, September
Serenity, September
Cabin at Trial's End, October
Mountain Rhapsody, October
Wilderness Cabin, October
By the Sea, October
Indian Summer, October
Blue Winter, November
Desert Glow, November
Lone Mountain, November
Florida's Glory, November
Autumn Images, January
Hint of Springtime, January
Around the Bend, January
Countryside Oval, January
Russet Winter, January
Purple Haze, February
Dimensions, February
Deep Wilderness Home, February
Haven in the Valley, February
Wintertime Blues, March
Pastel Seascape, March
Country Creek, March
Silent Forest, March
Frosty Winter Morn, September
Forest Edge, September
Mountain Ridge Lake, September
Reflections of Gold, September
Quiet Cove, October
River's Peace, October
At Dawn's Light, October
Valley Waterfall, October
Toward Day's End, October
Falls in the Glen, November
Frozen Beauty in Vignette, November
Crimson Tide, November
Winter Bliss, November
Grey Mountain, January
Wayside Pond, January
Teton Winter, January
Little Home in the Meadow, January
Pretty Autumn Day, February
Mirrored Images, February
Back-Country Path, February
Graceful Waterfall, February
Icy Lake, March
Rowboat on the Beach, March
Portrait of Winter, March
Footbridge, March
Snowbound Cabin, March
Hide-a-Way Cove, August
Enchanted Falls Oval, September
Not Quite Spring, September
Splashes of Autumn, September
Summer in the Mountains, September
Oriental Falls, September
Autumn Palette, October
Cypress Swamp, October
Downstream View, October
Just Before the Storm, October
Fisherman's Paradise, November
Desert Hues, November
The Property Line, November
In the Stillness of Morning, December
Delightful Meadow Home, December
First Snow, December
Lake in the Valley, December
A Trace of Spring, December
An Arctic Winter Day, January
Snow Birch, January
Early Autumn, January
Tranquil Wooded Stream, January
Purple Mountain Range, February
Storm's a Comin', February
Sunset Aglow, February
Evening at the Falls, February
Twilight Beauty, March
Angler's Haven, March
Rustic Winter Woods, March
Wilderness Falls, March
Winter at the Farm, March
Daisies at Dawn, April
A Spectacular View, April
Daybreak, April
Island Paradise, April
Sunlight in the Shadows, May
Splendor of a Snowy Winter, May
Forest River, May
Golden Glow of Morning, May
Fisherman's Trail, May
A Warm Winter, June
Under Pastel Skies, June
Golden Rays of Sunlight, June
The Magic of Fall, June
Glacier Lake, June
The Old Weathered Barn, July
Deep Forest Falls, July
Winter's Grace, July
Splendor of Autumn, July
Tranquil Seas, August
Mountain Serenity, August
Home Before Nightfall, August
Island in the Wilderness, August
Autumn Oval, August
Seasonal Progression, September
Light at the Summit, September
Countryside Barn, September
Mountain Lake Falls, September
Cypress Creek, October
Trapper's Cabin, October
Storm on the Horizon, October
Pot O' Posies, October
A Perfect Winter Day, November
Aurora's Dance, November
Woodsman's Retreat, November
Babbling Brook, November
Woodgrain View, November
Winter's Peace, December
Wilderness Trail, December
A Copper Winter, December
Misty Foothills, December
Through the Window, January
Home in the Valley, January
Mountains of Grace, January
Seaside Harmony, January
A Cold Spring Day, February
Evening's Glow, February
Blue Ridge Falls, February
Reflections of Calm, February
Before the Snowfall, March
Winding Stream, March
Tranquility Cove, March
Cabin in the Hollow, March
View From Clear Creek, March
Bridge to Autumn, April
Trail's End, April
Evergreen Valley, April
Balmy Beach, April
Lake at the Ridge, May
In the Midst of Winter, May
Wilderness Day, May
